"","FamID","daytimeTemp","RGR","Fam.ord","Group.ord"
"1","GH_0002",10,0.0178571428571428,"1",1
"2","GH_0002",15,0.126623376623377,"1",1
"3","GH_0002",20,0.228835978835979,"1",1
"4","GH_0002",25,0.307539682539683,"1",1
"5","GH_0002",30,0.369047619047619,"1",1
"6","GH_0002",35,0.583333333333333,"1",1
"7","GH_0002",40,0.218344155844156,"1",1
"8","GH_0002",45,0.00396825396825397,"1",1
"9","GH_0003",10,0,"2",1
"10","GH_0003",15,0.0714285714285714,"2",1
"11","GH_0003",20,0.218073593073593,"2",1
"12","GH_0003",25,0.44047619047619,"2",1
"13","GH_0003",30,0.404761904761905,"2",1
"14","GH_0003",35,0.511904761904762,"2",1
"15","GH_0003",40,0.151785714285714,"2",1
"16","GH_0003",45,0,"2",1
"17","GH_0007",10,0.0357142857142857,"3",1
"18","GH_0007",15,0.130385487528345,"3",1
"19","GH_0007",20,0.210582010582011,"3",1
"20","GH_0007",25,0.324263038548753,"3",1
"21","GH_0007",30,0.227513227513228,"3",1
"22","GH_0007",35,0.30952380952381,"3",1
"23","GH_0007",40,0.305697278911565,"3",1
"24","GH_0007",45,0,"3",1
"25","GH_0009",10,0,"4",1
"26","GH_0009",15,0.0317460317460317,"4",1
"27","GH_0009",20,0.279761904761904,"4",1
"28","GH_0009",25,0.438095238095238,"4",1
"29","GH_0009",30,0.238095238095238,"4",1
"30","GH_0009",35,0.732142857142857,"4",1
"31","GH_0009",40,0.267857142857143,"4",1
"32","GH_0009",45,0.0267857142857143,"4",1
"33","GH_0010",25,0.571428571428571,"5",1
"34","GH_0010",35,0.428571428571429,"5",1
"35","GH_0010",40,0.380952380952381,"5",1
"36","GH_0018",10,0.0714285714285714,"6",1
"37","GH_0018",15,0,"6",1
"38","GH_0018",20,0.380952380952381,"6",1
"39","GH_0018",25,0.131868131868132,"6",1
"40","GH_0018",30,0.357142857142857,"6",1
"41","GH_0018",35,0.142857142857143,"6",1
"42","GH_0018",40,0.285714285714286,"6",1
"43","GH_0018",45,0.0357142857142857,"6",1
"44","GH_0020",10,0.0357142857142857,"7",1
"45","GH_0020",15,0.0337301587301587,"7",1
"46","GH_0020",20,0.214285714285714,"7",1
"47","GH_0020",25,0.357142857142857,"7",1
"48","GH_0020",30,0.214285714285714,"7",1
"49","GH_0020",35,0.5,"7",1
"50","GH_0020",40,0.202380952380952,"7",1
"51","GH_0020",45,0.102040816326531,"7",1
"52","GH_0023",10,0.0357142857142857,"8",1
"53","GH_0023",20,0.107142857142857,"8",1
"54","GH_0023",25,0.198412698412698,"8",1
"55","GH_0023",30,0.619047619047619,"8",1
"56","GH_0023",35,0.369047619047619,"8",1
"57","GH_0023",40,0.333333333333334,"8",1
"58","GH_0023",45,0,"8",1
"59","GH_0026",10,0.00892857142857142,"9",1
"60","GH_0026",15,0,"9",1
"61","GH_0026",20,0.232142857142857,"9",1
"62","GH_0026",25,0.391666666666666,"9",1
"63","GH_0026",30,0.476190476190476,"9",1
"64","GH_0026",35,0.142857142857143,"9",1
"65","GH_0026",40,0.273809523809524,"9",1
"66","GH_0026",45,0,"9",1
"67","GH_0027",10,0,"10",1
"68","GH_0027",15,0.0408163265306122,"10",1
"69","GH_0027",20,0.154195011337869,"10",1
"70","GH_0027",25,0.238095238095238,"10",1
"71","GH_0027",30,0.380952380952381,"10",1
"72","GH_0027",35,0.3,"10",1
"73","GH_0027",40,0.136904761904762,"10",1
"74","GH_0027",45,0.0408163265306122,"10",1
"75","GH_0029",10,0,"11",1
"76","GH_0029",15,0,"11",1
"77","GH_0029",20,0.119047619047619,"11",1
"78","GH_0029",25,0.107142857142857,"11",1
"79","GH_0029",30,0.285714285714286,"11",1
"80","GH_0029",35,0.333333333333333,"11",1
"81","GH_0029",40,0.261904761904762,"11",1
"82","GH_0029",45,0.0714285714285714,"11",1
"83","GH_0030",10,0,"12",1
"84","GH_0030",15,0.111111111111111,"12",1
"85","GH_0030",20,0.248412698412698,"12",1
"86","GH_0030",25,0.342261904761905,"12",1
"87","GH_0030",30,0.388888888888889,"12",1
"88","GH_0030",35,0.357142857142857,"12",1
"89","GH_0030",40,0.276190476190476,"12",1
"90","GH_0030",45,0.0793650793650794,"12",1
"91","GH_0031",10,0.00892857142857142,"13",1
"92","GH_0031",15,0.104761904761905,"13",1
"93","GH_0031",20,0.145238095238095,"13",1
"94","GH_0031",25,0.388392857142857,"13",1
"95","GH_0031",30,0.386065323565324,"13",1
"96","GH_0031",35,0.285714285714286,"13",1
"97","GH_0031",40,0.207142857142857,"13",1
"98","GH_0031",45,0.0285714285714285,"13",1
"99","GH_0032",10,0,"14",1
"100","GH_0032",15,0.0634920634920635,"14",1
"101","GH_0032",20,0.233928571428571,"14",1
"102","GH_0032",25,0.293650793650794,"14",1
"103","GH_0032",30,0.419642857142857,"14",1
"104","GH_0032",35,0.607142857142857,"14",1
"105","GH_0032",40,0.396825396825397,"14",1
"106","GH_0032",45,0.119047619047619,"14",1
"107","GH_0034",10,0,"15",1
"108","GH_0034",15,0.102040816326531,"15",1
"109","GH_0034",20,0.257142857142857,"15",1
"110","GH_0034",25,0.401785714285715,"15",1
"111","GH_0034",35,0.357142857142857,"15",1
"112","GH_0034",40,0.347222222222223,"15",1
"113","GH_0034",45,0.0607142857142857,"15",1
"114","GH_0035",10,0.0178571428571428,"16",1
"115","GH_0035",15,0.119047619047619,"16",1
"116","GH_0035",20,0.222222222222222,"16",1
"117","GH_0035",25,0.446428571428572,"16",1
"118","GH_0035",30,0.273809523809524,"16",1
"119","GH_0035",35,0.535714285714285,"16",1
"120","GH_0035",40,0.222634508348794,"16",1
"121","GH_0035",45,0,"16",1
"122","GH_0039",10,0,"17",1
"123","GH_0039",15,0.0669642857142857,"17",1
"124","GH_0039",20,0.428571428571429,"17",1
"125","GH_0039",25,0.322510822510823,"17",1
"126","GH_0039",30,0.242857142857143,"17",1
"127","GH_0039",35,0.642857142857143,"17",1
"128","GH_0039",40,0.142857142857143,"17",1
"129","GH_0039",45,0.012987012987013,"17",1
"130","GH_0040",10,0,"18",1
"131","GH_0040",15,0.142857142857143,"18",1
"132","GH_0040",20,0.247023809523809,"18",1
"133","GH_0040",25,0.297619047619048,"18",1
"134","GH_0040",30,0.317460317460318,"18",1
"135","GH_0040",35,0.375,"18",1
"136","GH_0040",40,0.380952380952381,"18",1
"137","GH_0040",45,0.0314625850340136,"18",1
"138","GH_0043",10,0,"19",2
"139","GH_0043",15,0,"19",2
"140","GH_0043",20,0.24047619047619,"19",2
"141","GH_0043",25,0.352040816326531,"19",2
"142","GH_0043",30,0.321428571428572,"19",2
"143","GH_0043",35,0.357142857142857,"19",2
"144","GH_0043",40,0.261904761904762,"19",2
"145","GH_0043",45,0.0595238095238097,"19",2
"146","GH_0046",10,0.00510204081632653,"20",2
"147","GH_0046",15,0.0612244897959184,"20",2
"148","GH_0046",20,0.232142857142857,"20",2
"149","GH_0046",25,0.317460317460318,"20",2
"150","GH_0046",30,0.258928571428572,"20",2
"151","GH_0046",35,0.571428571428571,"20",2
"152","GH_0046",40,0.285714285714286,"20",2
"153","GH_0046",45,0.0317460317460317,"20",2
"154","GH_0052",10,0,"21",2
"155","GH_0052",15,0.0204081632653061,"21",2
"156","GH_0052",20,0.26031746031746,"21",2
"157","GH_0052",25,0.257369614512472,"21",2
"158","GH_0052",30,0.369047619047619,"21",2
"159","GH_0052",35,0.142857142857143,"21",2
"160","GH_0052",40,0.357142857142857,"21",2
"161","GH_0052",45,0.0238095238095238,"21",2
"162","GH_0057",10,0,"22",2
"163","GH_0057",15,0.0204081632653061,"22",2
"164","GH_0057",20,0.223214285714286,"22",2
"165","GH_0057",25,0.365079365079365,"22",2
"166","GH_0057",30,0.41599025974026,"22",2
"167","GH_0057",35,0.511904761904762,"22",2
"168","GH_0057",40,0.331632653061224,"22",2
"169","GH_0057",45,0.0178571428571428,"22",2
"170","GH_0062",10,0,"23",2
"171","GH_0062",15,0.0741071428571428,"23",2
"172","GH_0062",20,0.261904761904762,"23",2
"173","GH_0062",25,0.235119047619048,"23",2
"174","GH_0062",30,0.505952380952381,"23",2
"175","GH_0062",35,0.466450216450216,"23",2
"176","GH_0062",40,0.353896103896104,"23",2
"177","GH_0062",45,0.0303030303030303,"23",2
"178","GH_0066",10,0,"24",2
"179","GH_0066",15,0.074404761904762,"24",2
"180","GH_0066",20,0.355357142857143,"24",2
"181","GH_0066",25,0.376352813852814,"24",2
"182","GH_0066",30,0.392857142857142,"24",2
"183","GH_0066",35,0.404761904761905,"24",2
"184","GH_0066",40,0.346938775510204,"24",2
"185","GH_0066",45,0.0488095238095238,"24",2
"186","GH_0068",10,0.0436507936507937,"25",2
"187","GH_0068",15,0.0476190476190476,"25",2
"188","GH_0068",20,0.19047619047619,"25",2
"189","GH_0068",25,0.255555555555555,"25",2
"190","GH_0068",30,0.452380952380952,"25",2
"191","GH_0068",35,0.285714285714286,"25",2
"192","GH_0068",40,0.142857142857143,"25",2
"193","GH_0068",45,0.142857142857143,"25",2
"194","GH_0074",10,0,"26",2
"195","GH_0074",15,0.151785714285714,"26",2
"196","GH_0074",20,0.219047619047619,"26",2
"197","GH_0074",25,0.279761904761905,"26",2
"198","GH_0074",30,0.398809523809524,"26",2
"199","GH_0074",35,0.361904761904762,"26",2
"200","GH_0074",40,0.514030612244898,"26",2
"201","GH_0074",45,0.0833333333333335,"26",2
"202","GH_0075",10,0,"27",2
"203","GH_0075",15,0.123214285714286,"27",2
"204","GH_0075",20,0.195767195767196,"27",2
"205","GH_0075",25,0.33609693877551,"27",2
"206","GH_0075",30,0.428571428571428,"27",2
"207","GH_0075",35,0.238095238095238,"27",2
"208","GH_0075",40,0.488961038961039,"27",2
"209","GH_0075",45,0.0595238095238095,"27",2
"210","GH_0083",10,0,"28",2
"211","GH_0083",15,0.090909090909091,"28",2
"212","GH_0083",20,0.2,"28",2
"213","GH_0083",25,0.384920634920635,"28",2
"214","GH_0083",30,0.214285714285714,"28",2
"215","GH_0083",35,0.357142857142857,"28",2
"216","GH_0083",40,0.178571428571429,"28",2
"217","GH_0083",45,0,"28",2
"218","GH_0087",10,0,"29",2
"219","GH_0087",15,0.142857142857143,"29",2
"220","GH_0087",20,0.232142857142857,"29",2
"221","GH_0087",25,0.329365079365079,"29",2
"222","GH_0087",30,0.417439703153989,"29",2
"223","GH_0087",35,0.252747252747253,"29",2
"224","GH_0087",40,0.4,"29",2
"225","GH_0087",45,0.0158730158730159,"29",2
"226","GH_0090",10,0.016156462585034,"30",2
"227","GH_0090",15,0.0997023809523809,"30",2
"228","GH_0090",20,0.25,"30",2
"229","GH_0090",25,0.280830280830281,"30",2
"230","GH_0090",30,0.325396825396825,"30",2
"231","GH_0090",35,0.428571428571428,"30",2
"232","GH_0090",40,0.27994227994228,"30",2
"233","GH_0090",45,0.0119047619047619,"30",2
"234","GH_0094",10,0,"31",2
"235","GH_0094",15,0.113095238095238,"31",2
"236","GH_0094",20,0.182539682539682,"31",2
"237","GH_0094",25,0.312925170068027,"31",2
"238","GH_0094",30,0.420634920634921,"31",2
"239","GH_0094",35,0.25,"31",2
"240","GH_0094",40,0.196428571428572,"31",2
"241","GH_0094",45,0,"31",2
"242","GH_0098",10,0.00714285714285715,"32",2
"243","GH_0098",15,0.127976190476191,"32",2
"244","GH_0098",20,0.248412698412698,"32",2
"245","GH_0098",25,0.336309523809524,"32",2
"246","GH_0098",30,0.269345238095238,"32",2
"247","GH_0098",35,0.0714285714285714,"32",2
"248","GH_0098",40,0.372448979591837,"32",2
"249","GH_0098",45,0.0517857142857142,"32",2
"250","GH_0102",10,0,"33",2
"251","GH_0102",15,0.101190476190476,"33",2
"252","GH_0102",20,0.242857142857143,"33",2
"253","GH_0102",25,0.276479076479076,"33",2
"254","GH_0102",30,0.415816326530612,"33",2
"255","GH_0102",35,0.397883597883598,"33",2
"256","GH_0102",40,0.308333333333333,"33",2
"257","GH_0102",45,0.0446428571428572,"33",2
"258","GH_0103",10,0.00714285714285715,"34",2
"259","GH_0103",15,0.0863095238095239,"34",2
"260","GH_0103",20,0.296428571428571,"34",2
"261","GH_0103",25,0.301058201058201,"34",2
"262","GH_0103",30,0.429166666666667,"34",2
"263","GH_0103",35,0.79047619047619,"34",2
"264","GH_0103",40,0.3718820861678,"34",2
"265","GH_0103",45,0.018939393939394,"34",2
"266","GH_0108",10,0.0357142857142857,"35",2
"267","GH_0108",15,0,"35",2
"268","GH_0108",20,0.226190476190476,"35",2
"269","GH_0108",25,0.301587301587302,"35",2
"270","GH_0108",30,0.385714285714286,"35",2
"271","GH_0108",35,0.178571428571429,"35",2
"272","GH_0108",40,0.335600907029478,"35",2
"273","GH_0108",45,0.0384615384615384,"35",2
"274","GH_0114",10,0.0110544217687075,"36",2
"275","GH_0114",15,0.0816326530612246,"36",2
"276","GH_0114",20,0.275,"36",2
"277","GH_0114",25,0.36577380952381,"36",2
"278","GH_0114",30,0.462527056277056,"36",2
"279","GH_0114",35,0.258125472411187,"36",2
"280","GH_0114",40,0.423809523809524,"36",2
"281","GH_0114",45,0.012987012987013,"36",2
"282","GH_0122",10,0.0357142857142857,"37",3
"283","GH_0122",15,0.168154761904762,"37",3
"284","GH_0122",20,0.28968253968254,"37",3
"285","GH_0122",25,0.455357142857143,"37",3
"286","GH_0122",30,0.507936507936508,"37",3
"287","GH_0122",35,0.577380952380952,"37",3
"288","GH_0122",40,0.473214285714285,"37",3
"289","GH_0122",45,0.0357142857142857,"37",3
"290","GH_0127",10,0,"38",3
"291","GH_0127",15,0.214285714285714,"38",3
"292","GH_0127",20,0.333333333333333,"38",3
"293","GH_0127",25,0.428571428571429,"38",3
"294","GH_0127",30,0.476190476190476,"38",3
"295","GH_0127",35,0.630952380952381,"38",3
"296","GH_0127",40,0.345238095238095,"38",3
"297","GH_0127",45,0.0357142857142857,"38",3
"298","GH_0134",10,0.0119047619047619,"39",3
"299","GH_0134",15,0.178571428571428,"39",3
"300","GH_0134",20,0.363095238095238,"39",3
"301","GH_0134",25,0.44047619047619,"39",3
"302","GH_0134",30,0.5,"39",3
"303","GH_0134",35,0.349206349206349,"39",3
"304","GH_0134",40,0.380952380952381,"39",3
"305","GH_0134",45,0.0639880952380952,"39",3
"306","GH_0146",10,0.0317460317460317,"40",3
"307","GH_0146",15,0.141269841269841,"40",3
"308","GH_0146",20,0.244047619047619,"40",3
"309","GH_0146",25,0.37797619047619,"40",3
"310","GH_0146",30,0.56547619047619,"40",3
"311","GH_0146",35,0.517857142857143,"40",3
"312","GH_0146",40,0.357142857142857,"40",3
"313","GH_0146",45,0.0238095238095238,"40",3
"314","GH_0159",10,0,"41",3
"315","GH_0159",15,0.171428571428571,"41",3
"316","GH_0159",20,0.241071428571428,"41",3
"317","GH_0159",25,0.28968253968254,"41",3
"318","GH_0159",30,0.380952380952381,"41",3
"319","GH_0159",35,0.452380952380952,"41",3
"320","GH_0159",40,0.336309523809524,"41",3
"321","GH_0159",45,0.0773809523809524,"41",3
"322","GH_0165",10,0.025,"42",3
"323","GH_0165",15,0.145833333333333,"42",3
"324","GH_0165",20,0.369047619047619,"42",3
"325","GH_0165",25,0.452380952380952,"42",3
"326","GH_0165",30,0.46031746031746,"42",3
"327","GH_0165",35,0.547619047619048,"42",3
"328","GH_0165",40,0.428571428571429,"42",3
"329","GH_0165",45,0.0833333333333333,"42",3
"330","GH_0169",10,0,"43",3
"331","GH_0169",15,0.148809523809524,"43",3
"332","GH_0169",20,0.303571428571428,"43",3
"333","GH_0169",25,0.321428571428572,"43",3
"334","GH_0169",30,0.56547619047619,"43",3
"335","GH_0169",35,0.587301587301587,"43",3
"336","GH_0169",40,0.333333333333333,"43",3
"337","GH_0169",45,0.0595238095238097,"43",3
"338","GH_0173",10,0.0142857142857143,"44",3
"339","GH_0173",15,0.202380952380952,"44",3
"340","GH_0173",20,0.291666666666667,"44",3
"341","GH_0173",25,0.455357142857143,"44",3
"342","GH_0173",30,0.434523809523809,"44",3
"343","GH_0173",35,0.458333333333333,"44",3
"344","GH_0173",40,0.226190476190476,"44",3
"345","GH_0173",45,0.0297619047619047,"44",3
"346","GH_0179",10,0.0142857142857143,"45",3
"347","GH_0179",15,0.099702380952381,"45",3
"348","GH_0179",20,0.273809523809524,"45",3
"349","GH_0179",25,0.436507936507936,"45",3
"350","GH_0179",30,0.50297619047619,"45",3
"351","GH_0179",35,0.625,"45",3
"352","GH_0179",40,0.333333333333333,"45",3
"353","GH_0179",45,0.00510204081632653,"45",3
"354","GH_0191",10,0.00714285714285715,"46",3
"355","GH_0191",15,0.0922619047619049,"46",3
"356","GH_0191",20,0.276785714285714,"46",3
"357","GH_0191",25,0.380952380952381,"46",3
"358","GH_0191",30,0.452380952380952,"46",3
"359","GH_0191",35,0.5,"46",3
"360","GH_0191",40,0.321428571428572,"46",3
"361","GH_0191",45,0.0178571428571428,"46",3
"362","GH_0197",10,0,"47",3
"363","GH_0197",15,0.104166666666667,"47",3
"364","GH_0197",20,0.273809523809524,"47",3
"365","GH_0197",25,0.226190476190476,"47",3
"366","GH_0197",30,0.392857142857143,"47",3
"367","GH_0197",35,0.619047619047619,"47",3
"368","GH_0197",40,0.348214285714285,"47",3
"369","GH_0197",45,0.104166666666667,"47",3
"370","GH_0209",10,0.00892857142857142,"48",3
"371","GH_0209",15,0.172619047619048,"48",3
"372","GH_0209",20,0.267857142857143,"48",3
"373","GH_0209",25,0.444444444444444,"48",3
"374","GH_0209",30,0.464285714285714,"48",3
"375","GH_0209",35,0.488095238095238,"48",3
"376","GH_0209",40,0.369047619047619,"48",3
"377","GH_0209",45,0.116071428571429,"48",3
"378","GH_0215",10,0,"49",3
"379","GH_0215",15,0.19047619047619,"49",3
"380","GH_0215",20,0.351190476190476,"49",3
"381","GH_0215",25,0.333333333333333,"49",3
"382","GH_0215",30,0.625,"49",3
"383","GH_0215",35,0.55952380952381,"49",3
"384","GH_0215",40,0.386904761904762,"49",3
"385","GH_0215",45,0.0428571428571429,"49",3
"386","GH_0222",10,0.0267857142857143,"50",3
"387","GH_0222",15,0.141666666666667,"50",3
"388","GH_0222",20,0.273809523809524,"50",3
"389","GH_0222",25,0.357142857142857,"50",3
"390","GH_0222",30,0.532142857142857,"50",3
"391","GH_0222",35,0.517857142857143,"50",3
"392","GH_0222",40,0.425595238095238,"50",3
"393","GH_0222",45,0.0238095238095238,"50",3
"394","GH_0233",10,0.0158730158730159,"51",3
"395","GH_0233",15,0.14047619047619,"51",3
"396","GH_0233",20,0.404761904761904,"51",3
"397","GH_0233",25,0.404761904761905,"51",3
"398","GH_0233",30,0.428571428571429,"51",3
"399","GH_0233",35,0.293650793650794,"51",3
"400","GH_0233",40,0.0714285714285714,"51",3
"401","GH_0233",45,0.178571428571429,"51",3
"402","GH_0250",10,0.00595238095238095,"52",3
"403","GH_0250",15,0.196428571428571,"52",3
"404","GH_0250",20,0.300595238095238,"52",3
"405","GH_0250",25,0.364285714285714,"52",3
"406","GH_0250",30,0.544642857142857,"52",3
"407","GH_0250",35,0.571428571428571,"52",3
"408","GH_0250",40,0.287202380952381,"52",3
"409","GH_0250",45,0.0416666666666667,"52",3
"410","GH_0255",10,0,"53",3
"411","GH_0255",15,0.163690476190476,"53",3
"412","GH_0255",20,0.261904761904762,"53",3
"413","GH_0255",25,0.428571428571429,"53",3
"414","GH_0255",30,0.488095238095238,"53",3
"415","GH_0255",35,0.595238095238095,"53",3
"416","GH_0255",40,0.357142857142857,"53",3
"417","GH_0255",45,0.0833333333333334,"53",3
"418","GH_0257",10,0.0142857142857143,"54",3
"419","GH_0257",15,0.169642857142857,"54",3
"420","GH_0257",20,0.208333333333333,"54",3
"421","GH_0257",25,0.339285714285714,"54",3
"422","GH_0257",30,0.563492063492064,"54",3
"423","GH_0257",35,0.553571428571429,"54",3
"424","GH_0257",40,0.404761904761905,"54",3
"425","GH_0257",45,0.0119047619047619,"54",3
"426","GH_0266",10,0.0297619047619047,"55",4
"427","GH_0266",15,0.138392857142857,"55",4
"428","GH_0266",20,0.321428571428571,"55",4
"429","GH_0266",25,0.375,"55",4
"430","GH_0266",30,0.577380952380952,"55",4
"431","GH_0266",35,0.511904761904762,"55",4
"432","GH_0266",40,0.428571428571428,"55",4
"433","GH_0266",45,0.0238095238095238,"55",4
"434","GH_0268",10,0.00892857142857142,"56",4
"435","GH_0268",15,0.139285714285714,"56",4
"436","GH_0268",20,0.31547619047619,"56",4
"437","GH_0268",25,0.452380952380952,"56",4
"438","GH_0268",30,0.592261904761905,"56",4
"439","GH_0268",35,0.523809523809524,"56",4
"440","GH_0268",40,0.345238095238095,"56",4
"441","GH_0268",45,0.080357142857143,"56",4
"442","GH_0270",10,0,"57",4
"443","GH_0270",15,0.160714285714286,"57",4
"444","GH_0270",20,0.339285714285714,"57",4
"445","GH_0270",25,0.3125,"57",4
"446","GH_0270",30,0.598214285714285,"57",4
"447","GH_0270",35,0.69047619047619,"57",4
"448","GH_0270",40,0.380952380952381,"57",4
"449","GH_0270",45,0.0593112244897959,"57",4
"450","GH_0271",10,0.0267857142857143,"58",4
"451","GH_0271",15,0.136904761904762,"58",4
"452","GH_0271",20,0.255952380952381,"58",4
"453","GH_0271",25,0.357142857142857,"58",4
"454","GH_0271",30,0.351190476190476,"58",4
"455","GH_0271",35,0.388888888888889,"58",4
"456","GH_0271",40,0.25,"58",4
"457","GH_0271",45,0.0416666666666667,"58",4
"458","GH_0274",10,0,"59",4
"459","GH_0274",15,0.107142857142857,"59",4
"460","GH_0274",20,0.261904761904762,"59",4
"461","GH_0274",25,0.25,"59",4
"462","GH_0274",30,0.303571428571429,"59",4
"463","GH_0274",35,0.339285714285714,"59",4
"464","GH_0274",40,0.285714285714286,"59",4
"465","GH_0274",45,0.142857142857143,"59",4
"466","GH_0275",10,0.00714285714285715,"60",4
"467","GH_0275",15,0.175595238095238,"60",4
"468","GH_0275",20,0.221428571428571,"60",4
"469","GH_0275",25,0.497023809523809,"60",4
"470","GH_0275",30,0.523809523809524,"60",4
"471","GH_0275",35,0.511904761904762,"60",4
"472","GH_0275",40,0.523809523809524,"60",4
"473","GH_0275",45,0.0535714285714286,"60",4
"474","GH_0277",10,0.0309523809523809,"61",4
"475","GH_0277",15,0.138888888888889,"61",4
"476","GH_0277",20,0.321428571428572,"61",4
"477","GH_0277",25,0.37797619047619,"61",4
"478","GH_0277",30,0.4375,"61",4
"479","GH_0277",35,0.5,"61",4
"480","GH_0277",40,0.535714285714286,"61",4
"481","GH_0277",45,0.0238095238095238,"61",4
"482","GH_0281",10,0.0178571428571428,"62",4
"483","GH_0281",15,0.107936507936508,"62",4
"484","GH_0281",20,0.0714285714285714,"62",4
"485","GH_0281",25,0.456349206349206,"62",4
"486","GH_0281",30,0.261904761904762,"62",4
"487","GH_0281",35,0.952380952380952,"62",4
"488","GH_0281",40,0.349206349206349,"62",4
"489","GH_0281",45,0.0952380952380953,"62",4
"490","GH_0284",10,0,"63",4
"491","GH_0284",15,0.136904761904762,"63",4
"492","GH_0284",20,0.297619047619048,"63",4
"493","GH_0284",25,0.324404761904762,"63",4
"494","GH_0284",30,0.404761904761905,"63",4
"495","GH_0284",35,0.23015873015873,"63",4
"496","GH_0284",40,0.279761904761904,"63",4
"497","GH_0284",45,0.0119047619047619,"63",4
"498","GH_0286",10,0,"64",4
"499","GH_0286",15,0.107142857142857,"64",4
"500","GH_0286",20,0.244047619047619,"64",4
"501","GH_0286",25,0.455357142857143,"64",4
"502","GH_0286",30,0.515306122448979,"64",4
"503","GH_0286",35,0.568452380952381,"64",4
"504","GH_0286",40,0.375,"64",4
"505","GH_0286",45,0.0133928571428572,"64",4
"506","GH_0287",10,0,"65",4
"507","GH_0287",15,0.12202380952381,"65",4
"508","GH_0287",20,0.297619047619048,"65",4
"509","GH_0287",25,0.507936507936508,"65",4
"510","GH_0287",30,0.44047619047619,"65",4
"511","GH_0287",35,0.610119047619048,"65",4
"512","GH_0287",40,0.273809523809524,"65",4
"513","GH_0287",45,0.00714285714285715,"65",4
"514","GH_0290",10,0.00892857142857142,"66",4
"515","GH_0290",15,0.0833333333333334,"66",4
"516","GH_0290",20,0.348214285714286,"66",4
"517","GH_0290",25,0.337301587301587,"66",4
"518","GH_0290",30,0.497023809523809,"66",4
"519","GH_0290",35,0.488095238095238,"66",4
"520","GH_0290",40,0.425595238095238,"66",4
"521","GH_0290",45,0.0386904761904762,"66",4
"522","GH_0291",10,0.00952380952380953,"67",4
"523","GH_0291",15,0.148809523809524,"67",4
"524","GH_0291",20,0.244047619047619,"67",4
"525","GH_0291",25,0.276785714285715,"67",4
"526","GH_0291",30,0.182539682539682,"67",4
"527","GH_0291",35,0.678571428571428,"67",4
"528","GH_0291",40,0.456349206349206,"67",4
"529","GH_0291",45,0.0535714285714286,"67",4
"530","GH_0293",10,0.0160714285714286,"68",4
"531","GH_0293",15,0.166666666666666,"68",4
"532","GH_0293",20,0.238095238095238,"68",4
"533","GH_0293",25,0.389880952380952,"68",4
"534","GH_0293",30,0.31547619047619,"68",4
"535","GH_0293",35,0.428571428571428,"68",4
"536","GH_0293",40,0.321428571428572,"68",4
"537","GH_0293",45,0.0357142857142857,"68",4
"538","GH_0297",10,0,"69",4
"539","GH_0297",15,0.150297619047619,"69",4
"540","GH_0297",20,0.297619047619048,"69",4
"541","GH_0297",25,0.37202380952381,"69",4
"542","GH_0297",30,0.496031746031746,"69",4
"543","GH_0297",35,0.488095238095238,"69",4
"544","GH_0297",40,0.420634920634921,"69",4
"545","GH_0297",45,0.0357142857142857,"69",4
"546","GH_0300",10,0.0297619047619047,"70",4
"547","GH_0300",15,0.10625,"70",4
"548","GH_0300",20,0.273809523809524,"70",4
"549","GH_0300",25,0.488095238095238,"70",4
"550","GH_0300",30,0.410714285714286,"70",4
"551","GH_0300",35,0.470238095238095,"70",4
"552","GH_0300",40,0.360119047619048,"70",4
"553","GH_0300",45,0.0508928571428571,"70",4
"554","GH_0301",10,0,"71",4
"555","GH_0301",15,0.116071428571429,"71",4
"556","GH_0301",20,0.333333333333333,"71",4
"557","GH_0301",25,0.380952380952381,"71",4
"558","GH_0301",30,0.482142857142857,"71",4
"559","GH_0301",35,0.602380952380952,"71",4
"560","GH_0301",40,0.432539682539683,"71",4
"561","GH_0301",45,0.0446428571428572,"71",4
"562","GH_0302",10,0.0119047619047619,"72",4
"563","GH_0302",15,0.133928571428571,"72",4
"564","GH_0302",20,0.232142857142857,"72",4
"565","GH_0302",25,0.339285714285714,"72",4
"566","GH_0302",30,0.482142857142857,"72",4
"567","GH_0302",35,0.410714285714286,"72",4
"568","GH_0302",40,0.253968253968254,"72",4
"569","GH_0302",45,0.0625,"72",4
"570","GH_0306",10,0.0392857142857143,"73",5
"571","GH_0306",15,0.158730158730159,"73",5
"572","GH_0306",20,0.253968253968254,"73",5
"573","GH_0306",25,0.404761904761905,"73",5
"574","GH_0306",30,0.523809523809524,"73",5
"575","GH_0306",35,0.607142857142857,"73",5
"576","GH_0306",40,0.523809523809524,"73",5
"577","GH_0306",45,0.148809523809524,"73",5
"578","GH_0312",10,0,"74",5
"579","GH_0312",15,0.142857142857143,"74",5
"580","GH_0312",20,0.208333333333333,"74",5
"581","GH_0312",25,0.363095238095238,"74",5
"582","GH_0312",30,0.464285714285714,"74",5
"583","GH_0312",35,0.333333333333333,"74",5
"584","GH_0312",40,0.488095238095238,"74",5
"585","GH_0312",45,0.104166666666667,"74",5
"586","GH_0316",10,0,"75",5
"587","GH_0316",15,0.130952380952381,"75",5
"588","GH_0316",20,0.125,"75",5
"589","GH_0316",25,0.416666666666667,"75",5
"590","GH_0316",30,0.321428571428572,"75",5
"591","GH_0316",35,0.452380952380952,"75",5
"592","GH_0316",40,0.285714285714286,"75",5
"593","GH_0316",45,0.232142857142857,"75",5
"594","GH_0326",10,0.0238095238095238,"76",5
"595","GH_0326",15,0.148809523809524,"76",5
"596","GH_0326",20,0.327380952380952,"76",5
"597","GH_0326",25,0.327380952380952,"76",5
"598","GH_0326",30,0.428571428571429,"76",5
"599","GH_0326",35,0.523809523809524,"76",5
"600","GH_0326",40,0.238095238095238,"76",5
"601","GH_0326",45,0.0297619047619047,"76",5
"602","GH_0334",10,0.0119047619047619,"77",5
"603","GH_0334",15,0.107936507936508,"77",5
"604","GH_0334",20,0.270833333333333,"77",5
"605","GH_0334",25,0.375,"77",5
"606","GH_0334",30,0.412698412698413,"77",5
"607","GH_0334",35,0.357142857142857,"77",5
"608","GH_0334",40,0.369047619047619,"77",5
"609","GH_0334",45,0.113095238095238,"77",5
"610","GH_0340",10,0.0238095238095238,"78",5
"611","GH_0340",15,0.119047619047619,"78",5
"612","GH_0340",20,0.345238095238095,"78",5
"613","GH_0340",25,0.428571428571429,"78",5
"614","GH_0340",30,0.505952380952381,"78",5
"615","GH_0340",35,0.523809523809524,"78",5
"616","GH_0340",40,0.488095238095238,"78",5
"617","GH_0340",45,0.113095238095238,"78",5
"618","GH_0353",10,0,"79",5
"619","GH_0353",15,0.119047619047619,"79",5
"620","GH_0353",20,0.217261904761905,"79",5
"621","GH_0353",25,0.347619047619048,"79",5
"622","GH_0353",30,0.458333333333333,"79",5
"623","GH_0353",35,0.363095238095238,"79",5
"624","GH_0353",40,0.333333333333333,"79",5
"625","GH_0353",45,0.0952380952380953,"79",5
"626","GH_0357",10,0.0178571428571428,"80",5
"627","GH_0357",15,0.160714285714286,"80",5
"628","GH_0357",20,0.303571428571428,"80",5
"629","GH_0357",25,0.380952380952381,"80",5
"630","GH_0357",30,0.410714285714286,"80",5
"631","GH_0357",35,0.488095238095238,"80",5
"632","GH_0357",40,0.428571428571428,"80",5
"633","GH_0357",45,0.174603174603175,"80",5
"634","GH_0375",10,0.0238095238095238,"81",5
"635","GH_0375",15,0.130952380952381,"81",5
"636","GH_0375",20,0.396825396825397,"81",5
"637","GH_0375",25,0.396825396825397,"81",5
"638","GH_0375",30,0.464285714285714,"81",5
"639","GH_0375",35,0.702380952380952,"81",5
"640","GH_0375",40,0.422619047619048,"81",5
"641","GH_0375",45,0.107142857142857,"81",5
"642","GH_0387",10,0.0416666666666667,"82",5
"643","GH_0387",15,0.108333333333333,"82",5
"644","GH_0387",20,0.202380952380952,"82",5
"645","GH_0387",25,0.357142857142857,"82",5
"646","GH_0387",30,0.511904761904762,"82",5
"647","GH_0387",35,0.55952380952381,"82",5
"648","GH_0387",40,0.363095238095238,"82",5
"649","GH_0387",45,0.0773809523809524,"82",5
"650","GH_0400",10,0.00510204081632653,"83",5
"651","GH_0400",15,0.202380952380952,"83",5
"652","GH_0400",20,0.226190476190476,"83",5
"653","GH_0400",25,0.46031746031746,"83",5
"654","GH_0400",30,0.428571428571428,"83",5
"655","GH_0400",35,0.55952380952381,"83",5
"656","GH_0400",40,0.398809523809524,"83",5
"657","GH_0400",45,0.0357142857142857,"83",5
"658","GH_0405",10,0.0357142857142857,"84",5
"659","GH_0405",15,0.0714285714285713,"84",5
"660","GH_0405",20,0.309523809523809,"84",5
"661","GH_0405",25,0.434523809523809,"84",5
"662","GH_0405",30,0.44047619047619,"84",5
"663","GH_0405",35,0.446428571428572,"84",5
"664","GH_0405",40,0.357142857142857,"84",5
"665","GH_0405",45,0.142857142857143,"84",5
"666","GH_0409",10,0.0142857142857143,"85",5
"667","GH_0409",15,0.134523809523809,"85",5
"668","GH_0409",20,0.244047619047619,"85",5
"669","GH_0409",25,0.310374149659864,"85",5
"670","GH_0409",30,0.476190476190476,"85",5
"671","GH_0409",35,0.44047619047619,"85",5
"672","GH_0409",40,0.523809523809524,"85",5
"673","GH_0409",45,0.125,"85",5
"674","GH_0414",10,0.0178571428571428,"86",5
"675","GH_0414",15,0.119047619047619,"86",5
"676","GH_0414",20,0.291666666666666,"86",5
"677","GH_0414",25,0.3125,"86",5
"678","GH_0414",30,0.619047619047619,"86",5
"679","GH_0414",35,0.482142857142857,"86",5
"680","GH_0414",40,0.416666666666667,"86",5
"681","GH_0414",45,0.0952380952380953,"86",5
"682","GH_0416",10,0,"87",5
"683","GH_0416",15,0.166666666666667,"87",5
"684","GH_0416",20,0.220238095238095,"87",5
"685","GH_0416",25,0.452380952380952,"87",5
"686","GH_0416",30,0.345238095238095,"87",5
"687","GH_0416",35,0.577380952380952,"87",5
"688","GH_0416",40,0.333333333333333,"87",5
"689","GH_0416",45,0.172619047619048,"87",5
"690","GH_0436",10,0.0119047619047619,"88",5
"691","GH_0436",15,0.148809523809524,"88",5
"692","GH_0436",20,0.309523809523809,"88",5
"693","GH_0436",25,0.277210884353741,"88",5
"694","GH_0436",30,0.494047619047619,"88",5
"695","GH_0436",35,0.630952380952381,"88",5
"696","GH_0436",40,0.285714285714286,"88",5
"697","GH_0436",45,0.101190476190476,"88",5
"698","GH_0447",10,0.0178571428571428,"89",5
"699","GH_0447",15,0.154761904761905,"89",5
"700","GH_0447",20,0.31547619047619,"89",5
"701","GH_0447",25,0.291666666666667,"89",5
"702","GH_0447",30,0.476190476190476,"89",5
"703","GH_0447",35,0.428571428571429,"89",5
"704","GH_0447",40,0.380952380952381,"89",5
"705","GH_0447",45,0.125,"89",5
"706","GH_0467",10,0,"90",5
"707","GH_0467",15,0.148809523809524,"90",5
"708","GH_0467",20,0.285714285714286,"90",5
"709","GH_0467",25,0.30952380952381,"90",5
"710","GH_0467",30,0.505952380952381,"90",5
"711","GH_0467",35,0.714285714285715,"90",5
"712","GH_0467",40,0.43452380952381,"90",5
"713","GH_0467",45,0.0773809523809524,"90",5
"714","GH_0475",10,0.0357142857142857,"91",6
"715","GH_0475",15,0.130952380952381,"91",6
"716","GH_0475",20,0.317460317460318,"91",6
"717","GH_0475",25,0.273809523809524,"91",6
"718","GH_0475",30,0.464285714285714,"91",6
"719","GH_0475",35,0.630952380952381,"91",6
"720","GH_0475",40,0.422619047619048,"91",6
"721","GH_0475",45,0.154761904761905,"91",6
"722","GH_0478",10,0.0357142857142857,"92",6
"723","GH_0478",15,0.0535714285714285,"92",6
"724","GH_0478",20,0.130952380952381,"92",6
"725","GH_0478",25,0.357142857142857,"92",6
"726","GH_0478",30,0.238095238095238,"92",6
"727","GH_0478",35,0.309523809523809,"92",6
"728","GH_0478",40,0.291666666666667,"92",6
"729","GH_0478",45,0.0714285714285714,"92",6
"730","GH_0489",10,0,"93",6
"731","GH_0489",15,0.133928571428571,"93",6
"732","GH_0489",20,0.293650793650794,"93",6
"733","GH_0489",25,0.452380952380952,"93",6
"734","GH_0489",30,0.598214285714286,"93",6
"735","GH_0489",35,0.636904761904762,"93",6
"736","GH_0489",40,0.416666666666666,"93",6
"737","GH_0489",45,0.139880952380952,"93",6
"738","GH_0495",10,0,"94",6
"739","GH_0495",15,0.0773809523809523,"94",6
"740","GH_0495",20,0.238095238095238,"94",6
"741","GH_0495",25,0.392857142857143,"94",6
"742","GH_0495",30,0.380952380952381,"94",6
"743","GH_0495",35,0.428571428571429,"94",6
"744","GH_0495",40,0.375,"94",6
"745","GH_0495",45,0.101190476190476,"94",6
"746","GH_0504",10,0,"95",6
"747","GH_0504",15,0.178571428571428,"95",6
"748","GH_0504",20,0.24077380952381,"95",6
"749","GH_0504",25,0.396825396825397,"95",6
"750","GH_0504",30,0.428571428571429,"95",6
"751","GH_0504",35,0.577380952380952,"95",6
"752","GH_0504",40,0.642857142857143,"95",6
"753","GH_0504",45,0.0714285714285715,"95",6
"754","GH_0513",10,0,"96",6
"755","GH_0513",15,0.0833333333333333,"96",6
"756","GH_0513",20,0.345238095238095,"96",6
"757","GH_0513",25,0.369047619047619,"96",6
"758","GH_0513",30,0.370535714285714,"96",6
"759","GH_0513",35,0.482142857142857,"96",6
"760","GH_0513",40,0.634920634920635,"96",6
"761","GH_0513",45,0.0476190476190476,"96",6
"762","GH_0529",10,0.00892857142857142,"97",6
"763","GH_0529",15,0.199404761904762,"97",6
"764","GH_0529",20,0.291666666666667,"97",6
"765","GH_0529",25,0.321428571428572,"97",6
"766","GH_0529",30,0.505952380952381,"97",6
"767","GH_0529",35,0.446428571428571,"97",6
"768","GH_0529",40,0.619047619047619,"97",6
"769","GH_0529",45,0.0892857142857143,"97",6
"770","GH_0534",10,0.0178571428571428,"98",6
"771","GH_0534",15,0.163690476190476,"98",6
"772","GH_0534",20,0.348214285714286,"98",6
"773","GH_0534",25,0.309523809523809,"98",6
"774","GH_0534",30,0.466071428571429,"98",6
"775","GH_0534",35,0.339285714285714,"98",6
"776","GH_0534",40,0.404761904761905,"98",6
"777","GH_0534",45,0.116071428571429,"98",6
"778","GH_0536",10,0.0178571428571428,"99",6
"779","GH_0536",15,0.154761904761905,"99",6
"780","GH_0536",20,0.333333333333333,"99",6
"781","GH_0536",25,0.386904761904762,"99",6
"782","GH_0536",30,0.613095238095238,"99",6
"783","GH_0536",35,0.547619047619047,"99",6
"784","GH_0536",40,0.380952380952381,"99",6
"785","GH_0536",45,0.199404761904762,"99",6
"786","GH_0541",10,0.0357142857142857,"100",6
"787","GH_0541",15,0.170238095238095,"100",6
"788","GH_0541",20,0.248809523809524,"100",6
"789","GH_0541",25,0.303571428571428,"100",6
"790","GH_0541",30,0.504251700680272,"100",6
"791","GH_0541",35,0.595238095238095,"100",6
"792","GH_0541",40,0.583333333333333,"100",6
"793","GH_0541",45,0.142857142857143,"100",6
"794","GH_0549",10,0,"101",6
"795","GH_0549",15,0.160714285714286,"101",6
"796","GH_0549",20,0.333333333333333,"101",6
"797","GH_0549",25,0.413690476190476,"101",6
"798","GH_0549",30,0.434523809523809,"101",6
"799","GH_0549",35,0.321428571428572,"101",6
"800","GH_0549",40,0.440476190476191,"101",6
"801","GH_0549",45,0.148809523809524,"101",6
"802","GH_0585",10,0,"102",6
"803","GH_0585",15,0.182142857142857,"102",6
"804","GH_0585",20,0.173809523809524,"102",6
"805","GH_0585",25,0.31547619047619,"102",6
"806","GH_0585",30,0.238095238095238,"102",6
"807","GH_0585",35,0.517857142857143,"102",6
"808","GH_0585",40,0.214285714285714,"102",6
"809","GH_0585",45,0,"102",6
"810","GH_0591",10,0,"103",6
"811","GH_0591",15,0.0952380952380953,"103",6
"812","GH_0591",20,0.19812925170068,"103",6
"813","GH_0591",25,0.428571428571428,"103",6
"814","GH_0591",30,0.446428571428571,"103",6
"815","GH_0591",35,0.419642857142857,"103",6
"816","GH_0591",40,0.523809523809524,"103",6
"817","GH_0591",45,0.0565476190476192,"103",6
"818","GH_0605",10,0,"104",6
"819","GH_0605",15,0.118197278911565,"104",6
"820","GH_0605",20,0.317460317460318,"104",6
"821","GH_0605",25,0.309523809523809,"104",6
"822","GH_0605",30,0.379464285714285,"104",6
"823","GH_0605",35,0.363095238095238,"104",6
"824","GH_0605",40,0.529761904761905,"104",6
"825","GH_0605",45,0.0595238095238095,"104",6
"826","GH_0610",10,0.0119047619047619,"105",6
"827","GH_0610",15,0.101190476190476,"105",6
"828","GH_0610",20,0.363095238095238,"105",6
"829","GH_0610",25,0.363095238095238,"105",6
"830","GH_0610",30,0.586309523809524,"105",6
"831","GH_0610",35,0.55952380952381,"105",6
"832","GH_0610",40,0.402380952380952,"105",6
"833","GH_0610",45,0.0833333333333334,"105",6
"834","GH_0613",10,0,"106",6
"835","GH_0613",15,0.154761904761905,"106",6
"836","GH_0613",20,0.363095238095238,"106",6
"837","GH_0613",25,0.339285714285714,"106",6
"838","GH_0613",30,0.523809523809524,"106",6
"839","GH_0613",35,0.488095238095238,"106",6
"840","GH_0613",40,0.446428571428572,"106",6
"841","GH_0613",45,0.0595238095238095,"106",6
"842","GH_0624",10,0,"107",6
"843","GH_0624",15,0.117460317460317,"107",6
"844","GH_0624",20,0.30952380952381,"107",6
"845","GH_0624",25,0.401785714285715,"107",6
"846","GH_0624",30,0.552154195011338,"107",6
"847","GH_0624",35,0.55952380952381,"107",6
"848","GH_0624",40,0.547619047619047,"107",6
"849","GH_0624",45,0.0952380952380952,"107",6
"850","GH_0626",10,0,"108",6
"851","GH_0626",15,0.125,"108",6
"852","GH_0626",20,0.333333333333333,"108",6
"853","GH_0626",25,0.363095238095238,"108",6
"854","GH_0626",30,0.404761904761905,"108",6
"855","GH_0626",35,0.464285714285715,"108",6
"856","GH_0626",40,0.595238095238095,"108",6
"857","GH_0626",45,0.0178571428571428,"108",6
"858","GH_0638",10,0,"109",7
"859","GH_0638",15,0.120634920634921,"109",7
"860","GH_0638",25,0.333333333333333,"109",7
"861","GH_0638",35,0.142857142857143,"109",7
"862","GH_0638",40,0.172619047619048,"109",7
"863","GH_0638",45,0.0833333333333333,"109",7
"864","GH_0643",10,0,"110",7
"865","GH_0643",15,0,"110",7
"866","GH_0643",20,0.244047619047619,"110",7
"867","GH_0643",25,0.276190476190476,"110",7
"868","GH_0643",30,0.163265306122449,"110",7
"869","GH_0643",40,0.375,"110",7
"870","GH_0643",45,0.0238095238095238,"110",7
"871","GH_0647",10,0.0202380952380952,"111",7
"872","GH_0647",15,0.090909090909091,"111",7
"873","GH_0647",20,0.198412698412698,"111",7
"874","GH_0647",25,0.198979591836735,"111",7
"875","GH_0647",30,0.327380952380953,"111",7
"876","GH_0647",35,0.476190476190476,"111",7
"877","GH_0647",40,0.321428571428572,"111",7
"878","GH_0647",45,0.0714285714285715,"111",7
"879","GH_0653",10,0,"112",7
"880","GH_0653",15,0.0982142857142858,"112",7
"881","GH_0653",20,0.253968253968254,"112",7
"882","GH_0653",25,0.324404761904762,"112",7
"883","GH_0653",30,0.285714285714286,"112",7
"884","GH_0653",35,0.464285714285714,"112",7
"885","GH_0653",40,0.206349206349206,"112",7
"886","GH_0653",45,0.0476190476190476,"112",7
"887","GH_0656",10,0.0285714285714285,"113",7
"888","GH_0656",15,0,"113",7
"889","GH_0656",20,0.345238095238095,"113",7
"890","GH_0656",25,0.227891156462585,"113",7
"891","GH_0656",30,0.404761904761905,"113",7
"892","GH_0656",35,0.369047619047619,"113",7
"893","GH_0656",40,0.309523809523809,"113",7
"894","GH_0656",45,0.0357142857142857,"113",7
"895","GH_0663",10,0.0178571428571428,"114",7
"896","GH_0663",15,0.0238095238095238,"114",7
"897","GH_0663",20,0.25,"114",7
"898","GH_0663",25,0.158730158730159,"114",7
"899","GH_0663",30,0.452380952380952,"114",7
"900","GH_0663",35,0.428571428571429,"114",7
"901","GH_0663",40,0.14935064935065,"114",7
"902","GH_0663",45,0.0982142857142859,"114",7
"903","GH_0669",10,0.0357142857142857,"115",7
"904","GH_0669",15,0.128571428571428,"115",7
"905","GH_0669",20,0.257142857142857,"115",7
"906","GH_0669",25,0.214285714285714,"115",7
"907","GH_0669",30,0.476190476190476,"115",7
"908","GH_0669",35,0.285714285714286,"115",7
"909","GH_0669",40,0.138888888888889,"115",7
"910","GH_0669",45,0,"115",7
"911","GH_0672",10,0.0119047619047619,"116",7
"912","GH_0672",15,0.0740740740740741,"116",7
"913","GH_0672",20,0.321428571428572,"116",7
"914","GH_0672",25,0.541666666666667,"116",7
"915","GH_0672",30,0.452380952380953,"116",7
"916","GH_0672",35,0.428571428571429,"116",7
"917","GH_0672",40,0.404761904761904,"116",7
"918","GH_0672",45,0.0317460317460317,"116",7
"919","GH_0677",10,0.00793650793650793,"117",7
"920","GH_0677",15,0.14065934065934,"117",7
"921","GH_0677",20,0.226190476190476,"117",7
"922","GH_0677",25,0.243055555555555,"117",7
"923","GH_0677",30,0.270562770562771,"117",7
"924","GH_0677",35,0.571428571428572,"117",7
"925","GH_0677",40,0.416666666666667,"117",7
"926","GH_0677",45,0.0317460317460317,"117",7
"927","GH_0683",10,0,"118",7
"928","GH_0683",15,0.0714285714285715,"118",7
"929","GH_0683",20,0.208333333333333,"118",7
"930","GH_0683",25,0.206349206349206,"118",7
"931","GH_0683",30,0.323809523809524,"118",7
"932","GH_0683",35,0.412698412698413,"118",7
"933","GH_0683",40,0.333333333333333,"118",7
"934","GH_0683",45,0.0416666666666667,"118",7
"935","GH_0706",10,0,"119",7
"936","GH_0706",15,0.0535714285714285,"119",7
"937","GH_0706",20,0.164285714285714,"119",7
"938","GH_0706",25,0.134920634920635,"119",7
"939","GH_0706",30,0.285714285714286,"119",7
"940","GH_0706",35,0.357142857142857,"119",7
"941","GH_0706",40,0.375,"119",7
"942","GH_0706",45,0.0892857142857143,"119",7
"943","GH_0715",10,0,"120",7
"944","GH_0715",15,0.25,"120",7
"945","GH_0715",20,0.293650793650794,"120",7
"946","GH_0715",25,0.297193877551021,"120",7
"947","GH_0715",30,0.422619047619048,"120",7
"948","GH_0715",35,0.857142857142857,"120",7
"949","GH_0715",40,0.25,"120",7
"950","GH_0715",45,0.0714285714285715,"120",7
"951","GH_0722",10,0,"121",7
"952","GH_0722",15,0.0357142857142857,"121",7
"953","GH_0722",20,0.166666666666667,"121",7
"954","GH_0722",25,0.452380952380952,"121",7
"955","GH_0722",30,0.642857142857142,"121",7
"956","GH_0722",35,0.428571428571429,"121",7
"957","GH_0722",40,0.352380952380952,"121",7
"958","GH_0722",45,0.0119047619047619,"121",7
"959","GH_0729",10,0,"122",7
"960","GH_0729",20,0.232142857142857,"122",7
"961","GH_0729",25,0.255952380952381,"122",7
"962","GH_0729",30,0.404761904761905,"122",7
"963","GH_0729",35,0.476190476190476,"122",7
"964","GH_0729",40,0.327380952380952,"122",7
"965","GH_0729",45,0.0952380952380953,"122",7
"966","GH_0732",10,0.0178571428571428,"123",7
"967","GH_0732",15,0.0714285714285715,"123",7
"968","GH_0732",20,0.261904761904762,"123",7
"969","GH_0732",25,0.304761904761905,"123",7
"970","GH_0732",30,0.342857142857143,"123",7
"971","GH_0732",35,0.571428571428572,"123",7
"972","GH_0732",40,0.178571428571429,"123",7
"973","GH_0732",45,0.119047619047619,"123",7
"974","GH_0742",10,0,"124",7
"975","GH_0742",15,0.0800865800865801,"124",7
"976","GH_0742",20,0.223922902494331,"124",7
"977","GH_0742",25,0.0952380952380952,"124",7
"978","GH_0742",30,0.387755102040816,"124",7
"979","GH_0742",35,0.428571428571429,"124",7
"980","GH_0742",40,0.214285714285714,"124",7
"981","GH_0742",45,0,"124",7
"982","GH_0748",10,0,"125",7
"983","GH_0748",15,0.0833333333333333,"125",7
"984","GH_0748",20,0.214285714285714,"125",7
"985","GH_0748",25,0.238095238095238,"125",7
"986","GH_0748",30,0.323412698412698,"125",7
"987","GH_0748",35,0.428571428571429,"125",7
"988","GH_0748",40,0.228571428571428,"125",7
"989","GH_0748",45,0,"125",7
"990","GH_0759",10,0,"126",7
"991","GH_0759",15,0.157142857142857,"126",7
"992","GH_0759",20,0.216836734693877,"126",7
"993","GH_0759",25,0.401785714285715,"126",7
"994","GH_0759",30,0.261904761904762,"126",7
"995","GH_0759",35,0.642857142857143,"126",7
"996","GH_0759",40,0.439455782312925,"126",7
"997","GH_0759",45,0.0952380952380952,"126",7
"998","GH_0761",10,0,"127",8
"999","GH_0761",15,0.0343915343915344,"127",8
"1000","GH_0761",20,0.31547619047619,"127",8
"1001","GH_0761",25,0.245238095238095,"127",8
"1002","GH_0761",30,0.44047619047619,"127",8
"1003","GH_0761",35,0.5,"127",8
"1004","GH_0761",40,0.344387755102041,"127",8
"1005","GH_0761",45,0.0952380952380953,"127",8
"1006","GH_0769",10,0.00446428571428573,"128",8
"1007","GH_0769",15,0.130952380952381,"128",8
"1008","GH_0769",20,0.298809523809524,"128",8
"1009","GH_0769",25,0.419047619047619,"128",8
"1010","GH_0769",30,0.303571428571429,"128",8
"1011","GH_0769",35,0.59077380952381,"128",8
"1012","GH_0769",40,0.392857142857143,"128",8
"1013","GH_0769",45,0.0438775510204081,"128",8
"1014","GH_0785",10,0.0054945054945055,"129",8
"1015","GH_0785",15,0.107142857142857,"129",8
"1016","GH_0785",20,0.277777777777778,"129",8
"1017","GH_0785",25,0.289285714285714,"129",8
"1018","GH_0785",30,0.307142857142857,"129",8
"1019","GH_0785",35,0.285714285714286,"129",8
"1020","GH_0785",40,0.228269085411942,"129",8
"1021","GH_0785",45,0.0982142857142858,"129",8
"1022","GH_0799",10,0.00892857142857142,"130",8
"1023","GH_0799",15,0.0562770562770563,"130",8
"1024","GH_0799",20,0.19047619047619,"130",8
"1025","GH_0799",25,0.306547619047619,"130",8
"1026","GH_0799",30,0.30952380952381,"130",8
"1027","GH_0799",35,0.392857142857143,"130",8
"1028","GH_0799",40,0.326190476190476,"130",8
"1029","GH_0799",45,0.0142857142857143,"130",8
"1030","GH_0810",10,0,"131",8
"1031","GH_0810",15,0.056547619047619,"131",8
"1032","GH_0810",20,0.258928571428572,"131",8
"1033","GH_0810",25,0.284722222222222,"131",8
"1034","GH_0810",30,0.319727891156463,"131",8
"1035","GH_0810",35,0.444444444444444,"131",8
"1036","GH_0810",40,0.297052154195011,"131",8
"1037","GH_0810",45,0.0308441558441558,"131",8
"1038","GH_0812",10,0,"132",8
"1039","GH_0812",15,0.105555555555555,"132",8
"1040","GH_0812",20,0.256887755102041,"132",8
"1041","GH_0812",25,0.293239795918367,"132",8
"1042","GH_0812",30,0.46875,"132",8
"1043","GH_0812",35,0.535714285714286,"132",8
"1044","GH_0812",40,0.311111111111111,"132",8
"1045","GH_0812",45,0,"132",8
"1046","GH_0820",10,0,"133",8
"1047","GH_0820",15,0.0396825396825397,"133",8
"1048","GH_0820",20,0.231746031746032,"133",8
"1049","GH_0820",25,0.277777777777778,"133",8
"1050","GH_0820",30,0.34047619047619,"133",8
"1051","GH_0820",35,0.345238095238095,"133",8
"1052","GH_0820",40,0.276190476190476,"133",8
"1053","GH_0820",45,0.130952380952381,"133",8
"1054","GH_0823",10,0,"134",8
"1055","GH_0823",15,0.0476190476190476,"134",8
"1056","GH_0823",20,0.261904761904762,"134",8
"1057","GH_0823",25,0.341269841269841,"134",8
"1058","GH_0823",30,0.334183673469388,"134",8
"1059","GH_0823",35,0.351190476190476,"134",8
"1060","GH_0823",40,0.213010204081632,"134",8
"1061","GH_0823",45,0.0843537414965985,"134",8
"1062","GH_0828",10,0.00714285714285715,"135",8
"1063","GH_0828",15,0.0714285714285715,"135",8
"1064","GH_0828",20,0.0793650793650794,"135",8
"1065","GH_0828",25,0.443452380952381,"135",8
"1066","GH_0828",30,0.505952380952381,"135",8
"1067","GH_0828",35,0.439393939393939,"135",8
"1068","GH_0828",40,0.440476190476191,"135",8
"1069","GH_0828",45,0.0357142857142857,"135",8
"1070","GH_0840",10,0.0133928571428572,"136",8
"1071","GH_0840",15,0.0178571428571428,"136",8
"1072","GH_0840",20,0.178571428571429,"136",8
"1073","GH_0840",25,0.410714285714286,"136",8
"1074","GH_0840",30,0.538095238095238,"136",8
"1075","GH_0840",35,0.714285714285714,"136",8
"1076","GH_0840",40,0.297619047619048,"136",8
"1077","GH_0840",45,0.103571428571429,"136",8
"1078","GH_0849",10,0,"137",8
"1079","GH_0849",15,0.0317460317460317,"137",8
"1080","GH_0849",20,0.395238095238095,"137",8
"1081","GH_0849",25,0.426190476190476,"137",8
"1082","GH_0849",30,0.476190476190476,"137",8
"1083","GH_0849",35,0.409090909090909,"137",8
"1084","GH_0849",40,0.26984126984127,"137",8
"1085","GH_0849",45,0.0178571428571428,"137",8
"1086","GH_0853",10,0,"138",8
"1087","GH_0853",15,0.0391534391534391,"138",8
"1088","GH_0853",20,0.16156462585034,"138",8
"1089","GH_0853",25,0.363095238095238,"138",8
"1090","GH_0853",30,0.342857142857143,"138",8
"1091","GH_0853",35,0.484126984126984,"138",8
"1092","GH_0853",40,0.429166666666667,"138",8
"1093","GH_0853",45,0.154761904761905,"138",8
"1094","GH_0864",10,0,"139",8
"1095","GH_0864",15,0.0714285714285715,"139",8
"1096","GH_0864",20,0.293452380952381,"139",8
"1097","GH_0864",25,0.236479591836735,"139",8
"1098","GH_0864",30,0.468253968253968,"139",8
"1099","GH_0864",35,0.642857142857142,"139",8
"1100","GH_0864",40,0.165178571428572,"139",8
"1101","GH_0864",45,0.0104166666666667,"139",8
"1102","GH_0868",10,0.0119047619047619,"140",8
"1103","GH_0868",15,0.0555555555555555,"140",8
"1104","GH_0868",20,0.281746031746032,"140",8
"1105","GH_0868",25,0.280952380952381,"140",8
"1106","GH_0868",30,0.52063492063492,"140",8
"1107","GH_0868",35,0.270408163265306,"140",8
"1108","GH_0868",40,0.301587301587302,"140",8
"1109","GH_0868",45,0.00865800865800867,"140",8
"1110","GH_0884",10,0.0142857142857143,"141",8
"1111","GH_0884",15,0.0716411564625851,"141",8
"1112","GH_0884",20,0.264285714285714,"141",8
"1113","GH_0884",25,0.37987012987013,"141",8
"1114","GH_0884",30,0.508928571428571,"141",8
"1115","GH_0884",35,0.494047619047619,"141",8
"1116","GH_0884",40,0.424107142857143,"141",8
"1117","GH_0884",45,0.0238095238095238,"141",8
"1118","GH_0892",10,0.0102040816326531,"142",8
"1119","GH_0892",15,0.0982142857142857,"142",8
"1120","GH_0892",20,0.247619047619047,"142",8
"1121","GH_0892",25,0.285714285714286,"142",8
"1122","GH_0892",30,0.413660413660414,"142",8
"1123","GH_0892",35,0.571428571428571,"142",8
"1124","GH_0892",40,0.285714285714286,"142",8
"1125","GH_0892",45,0.0396825396825397,"142",8
"1126","GH_0896",10,0.00357142857142857,"143",8
"1127","GH_0896",15,0.0793650793650793,"143",8
"1128","GH_0896",20,0.207142857142857,"143",8
"1129","GH_0896",25,0.389285714285714,"143",8
"1130","GH_0896",30,0.323809523809524,"143",8
"1131","GH_0896",35,0.464285714285714,"143",8
"1132","GH_0896",40,0.319047619047619,"143",8
"1133","GH_0896",45,0.0476190476190476,"143",8
"1134","GH_0903",10,0.0178571428571428,"144",8
"1135","GH_0903",15,0.0634920634920635,"144",8
"1136","GH_0903",20,0.261904761904762,"144",8
"1137","GH_0903",25,0.263492063492063,"144",8
"1138","GH_0903",30,0.492063492063492,"144",8
"1139","GH_0903",35,0.185185185185185,"144",8
"1140","GH_0903",40,0.306547619047619,"144",8
"1141","GH_0903",45,0.0436507936507936,"144",8
"1142","GH_0907",10,0,"145",9
"1143","GH_0907",15,0.0396825396825397,"145",9
"1144","GH_0907",20,0.21031746031746,"145",9
"1145","GH_0907",25,0.482539682539682,"145",9
"1146","GH_0907",30,0.396825396825397,"145",9
"1147","GH_0907",35,0.507936507936508,"145",9
"1148","GH_0907",40,0.476190476190476,"145",9
"1149","GH_0907",45,0.142857142857143,"145",9
"1150","GH_0912",10,0,"146",9
"1151","GH_0912",15,0.0892857142857143,"146",9
"1152","GH_0912",20,0.273809523809524,"146",9
"1153","GH_0912",25,0.416666666666667,"146",9
"1154","GH_0912",30,0.508928571428572,"146",9
"1155","GH_0912",35,0.654761904761905,"146",9
"1156","GH_0912",40,0.404761904761905,"146",9
"1157","GH_0912",45,0.0119047619047619,"146",9
"1158","GH_0925",10,0.0238095238095238,"147",9
"1159","GH_0925",15,0.0982142857142858,"147",9
"1160","GH_0925",20,0.255952380952381,"147",9
"1161","GH_0925",25,0.389880952380952,"147",9
"1162","GH_0925",30,0.670238095238095,"147",9
"1163","GH_0925",35,0.702380952380953,"147",9
"1164","GH_0925",40,0.339285714285714,"147",9
"1165","GH_0925",45,0.162698412698413,"147",9
"1166","GH_0927",10,0.0214285714285714,"148",9
"1167","GH_0927",15,0.103174603174603,"148",9
"1168","GH_0927",20,0.380952380952381,"148",9
"1169","GH_0927",25,0.369047619047619,"148",9
"1170","GH_0927",30,0.625,"148",9
"1171","GH_0927",35,0.494047619047619,"148",9
"1172","GH_0927",40,0.479166666666667,"148",9
"1173","GH_0927",45,0.0476190476190476,"148",9
"1174","GH_0936",10,0,"149",9
"1175","GH_0936",15,0.160714285714286,"149",9
"1176","GH_0936",20,0.202380952380952,"149",9
"1177","GH_0936",25,0.416666666666667,"149",9
"1178","GH_0936",30,0.412698412698413,"149",9
"1179","GH_0936",35,0.5,"149",9
"1180","GH_0936",40,0.279761904761905,"149",9
"1181","GH_0936",45,0.0238095238095238,"149",9
"1182","GH_0950",10,0,"150",9
"1183","GH_0950",15,0.125,"150",9
"1184","GH_0950",20,0.23015873015873,"150",9
"1185","GH_0950",25,0.255952380952381,"150",9
"1186","GH_0950",30,0.446428571428572,"150",9
"1187","GH_0950",35,0.261904761904762,"150",9
"1188","GH_0950",40,0.37797619047619,"150",9
"1189","GH_0950",45,0.0714285714285715,"150",9
"1190","GH_0959",10,0,"151",9
"1191","GH_0959",15,0.181547619047619,"151",9
"1192","GH_0959",20,0.31547619047619,"151",9
"1193","GH_0959",25,0.282738095238095,"151",9
"1194","GH_0959",30,0.535714285714286,"151",9
"1195","GH_0959",35,0.341269841269841,"151",9
"1196","GH_0959",40,0.279761904761904,"151",9
"1197","GH_0959",45,0.050595238095238,"151",9
"1198","GH_0962",10,0.0357142857142857,"152",9
"1199","GH_0962",15,0.130952380952381,"152",9
"1200","GH_0962",20,0.214285714285714,"152",9
"1201","GH_0962",25,0.416666666666667,"152",9
"1202","GH_0962",30,0.470238095238096,"152",9
"1203","GH_0962",35,0.523809523809524,"152",9
"1204","GH_0962",40,0.470238095238096,"152",9
"1205","GH_0962",45,0.0654761904761904,"152",9
"1206","GH_0969",10,0.0357142857142857,"153",9
"1207","GH_0969",15,0.175170068027211,"153",9
"1208","GH_0969",20,0.238095238095238,"153",9
"1209","GH_0969",25,0.452380952380952,"153",9
"1210","GH_0969",30,0.555555555555556,"153",9
"1211","GH_0969",35,0.555555555555555,"153",9
"1212","GH_0969",40,0.244047619047619,"153",9
"1213","GH_0969",45,0.0654761904761905,"153",9
"1214","GH_0978",10,0.0102040816326531,"154",9
"1215","GH_0978",15,0.172619047619048,"154",9
"1216","GH_0978",20,0.303571428571428,"154",9
"1217","GH_0978",25,0.392857142857143,"154",9
"1218","GH_0978",30,0.44047619047619,"154",9
"1219","GH_0978",35,0.542857142857143,"154",9
"1220","GH_0978",40,0.43452380952381,"154",9
"1221","GH_0978",45,0.0267857142857143,"154",9
"1222","GH_0998",10,0,"155",9
"1223","GH_0998",15,0.0952380952380953,"155",9
"1224","GH_0998",20,0.202380952380952,"155",9
"1225","GH_0998",25,0.372023809523809,"155",9
"1226","GH_0998",30,0.515873015873016,"155",9
"1227","GH_0998",35,0.357142857142857,"155",9
"1228","GH_0998",40,0.446428571428572,"155",9
"1229","GH_0998",45,0.19047619047619,"155",9
"1230","GH_1013",10,0,"156",9
"1231","GH_1013",15,0.130952380952381,"156",9
"1232","GH_1013",20,0.222222222222222,"156",9
"1233","GH_1013",25,0.345238095238096,"156",9
"1234","GH_1013",30,0.419642857142857,"156",9
"1235","GH_1013",35,0.273809523809524,"156",9
"1236","GH_1013",40,0.282738095238095,"156",9
"1237","GH_1013",45,0.0535714285714286,"156",9
"1238","GH_1019",10,0,"157",9
"1239","GH_1019",15,0.136904761904762,"157",9
"1240","GH_1019",20,0.238095238095238,"157",9
"1241","GH_1019",25,0.446428571428572,"157",9
"1242","GH_1019",30,0.392857142857143,"157",9
"1243","GH_1019",35,0.5,"157",9
"1244","GH_1019",40,0.193452380952381,"157",9
"1245","GH_1019",45,0.0446428571428572,"157",9
"1246","GH_1035",10,0.0119047619047619,"158",9
"1247","GH_1035",15,0.126984126984127,"158",9
"1248","GH_1035",20,0.196428571428571,"158",9
"1249","GH_1035",25,0.396825396825397,"158",9
"1250","GH_1035",30,0.488095238095238,"158",9
"1251","GH_1035",35,0.357142857142857,"158",9
"1252","GH_1035",40,0.428571428571429,"158",9
"1253","GH_1035",45,0.0158730158730159,"158",9
"1254","GH_1042",10,0,"159",9
"1255","GH_1042",15,0.125,"159",9
"1256","GH_1042",20,0.303571428571428,"159",9
"1257","GH_1042",25,0.396825396825397,"159",9
"1258","GH_1042",30,0.476190476190476,"159",9
"1259","GH_1042",35,0.55952380952381,"159",9
"1260","GH_1042",40,0.19047619047619,"159",9
"1261","GH_1042",45,0.0714285714285715,"159",9
"1262","GH_1049",10,0,"160",9
"1263","GH_1049",15,0.105654761904762,"160",9
"1264","GH_1049",20,0.357142857142857,"160",9
"1265","GH_1049",25,0.44047619047619,"160",9
"1266","GH_1049",30,0.517857142857143,"160",9
"1267","GH_1049",35,0.603174603174603,"160",9
"1268","GH_1049",40,0.410714285714286,"160",9
"1269","GH_1049",45,0.0297619047619047,"160",9
"1270","GH_1053",10,0,"161",9
"1271","GH_1053",15,0.206349206349206,"161",9
"1272","GH_1053",20,0.193452380952381,"161",9
"1273","GH_1053",25,0.449404761904762,"161",9
"1274","GH_1053",30,0.535714285714286,"161",9
"1275","GH_1053",35,0.333333333333333,"161",9
"1276","GH_1053",40,0.436507936507937,"161",9
"1277","GH_1053",45,0.0238095238095238,"161",9
"1278","GH_1070",10,0,"162",9
"1279","GH_1070",15,0.178571428571429,"162",9
"1280","GH_1070",20,0.31547619047619,"162",9
"1281","GH_1070",25,0.357142857142857,"162",9
"1282","GH_1070",30,0.357142857142857,"162",9
"1283","GH_1070",35,0.607142857142857,"162",9
"1284","GH_1070",40,0.309523809523809,"162",9
"1285","GH_1070",45,0.130952380952381,"162",9
"1286","GH_1076",10,0.0446428571428572,"163",10
"1287","GH_1076",15,0.18452380952381,"163",10
"1288","GH_1076",20,0.238095238095238,"163",10
"1289","GH_1076",25,0.333333333333333,"163",10
"1290","GH_1076",30,0.642857142857143,"163",10
"1291","GH_1076",35,0.416666666666667,"163",10
"1292","GH_1076",40,0.261904761904762,"163",10
"1293","GH_1076",45,0.0208333333333333,"163",10
"1294","GH_1078",10,0.00892857142857142,"164",10
"1295","GH_1078",15,0.12202380952381,"164",10
"1296","GH_1078",20,0.273809523809524,"164",10
"1297","GH_1078",25,0.479166666666667,"164",10
"1298","GH_1078",30,0.458333333333333,"164",10
"1299","GH_1078",35,0.598214285714285,"164",10
"1300","GH_1078",40,0.492063492063492,"164",10
"1301","GH_1078",45,0,"164",10
"1302","GH_1080",10,0,"165",10
"1303","GH_1080",15,0.125,"165",10
"1304","GH_1080",20,0.226190476190476,"165",10
"1305","GH_1080",25,0.360119047619048,"165",10
"1306","GH_1080",30,0.36547619047619,"165",10
"1307","GH_1080",35,0.413690476190476,"165",10
"1308","GH_1080",40,0.416666666666666,"165",10
"1309","GH_1080",45,0.056547619047619,"165",10
"1310","GH_1082",10,0.0357142857142857,"166",10
"1311","GH_1082",15,0.125,"166",10
"1312","GH_1082",20,0.360119047619048,"166",10
"1313","GH_1082",25,0.388095238095238,"166",10
"1314","GH_1082",30,0.523809523809524,"166",10
"1315","GH_1082",35,0.610119047619047,"166",10
"1316","GH_1082",40,0.342261904761905,"166",10
"1317","GH_1082",45,0.107142857142857,"166",10
"1318","GH_1089",10,0.0357142857142857,"167",10
"1319","GH_1089",15,0.125,"167",10
"1320","GH_1089",20,0.241071428571428,"167",10
"1321","GH_1089",25,0.303571428571428,"167",10
"1322","GH_1089",30,0.369047619047619,"167",10
"1323","GH_1089",35,0.523809523809524,"167",10
"1324","GH_1089",40,0.309523809523809,"167",10
"1325","GH_1089",45,0.106349206349206,"167",10
"1326","GH_1093",10,0.0133928571428572,"168",10
"1327","GH_1093",15,0.107142857142857,"168",10
"1328","GH_1093",20,0.297619047619048,"168",10
"1329","GH_1093",25,0.476190476190476,"168",10
"1330","GH_1093",30,0.416666666666667,"168",10
"1331","GH_1093",35,0.642857142857143,"168",10
"1332","GH_1093",40,0.327380952380952,"168",10
"1333","GH_1093",45,0.148809523809524,"168",10
"1334","GH_1095",10,0.0178571428571428,"169",10
"1335","GH_1095",15,0.130952380952381,"169",10
"1336","GH_1095",20,0.208333333333333,"169",10
"1337","GH_1095",25,0.507936507936508,"169",10
"1338","GH_1095",30,0.446428571428571,"169",10
"1339","GH_1095",35,0.523809523809524,"169",10
"1340","GH_1095",40,0.321428571428571,"169",10
"1341","GH_1095",45,0.0297619047619047,"169",10
"1342","GH_1100",10,0,"170",10
"1343","GH_1100",15,0.0803571428571428,"170",10
"1344","GH_1100",20,0.196428571428571,"170",10
"1345","GH_1100",25,0.425595238095238,"170",10
"1346","GH_1100",30,0.523809523809524,"170",10
"1347","GH_1100",35,0.428571428571428,"170",10
"1348","GH_1100",40,0.178571428571428,"170",10
"1349","GH_1100",45,0.05,"170",10
"1350","GH_1101",10,0.0267857142857142,"171",10
"1351","GH_1101",15,0.151785714285714,"171",10
"1352","GH_1101",20,0.341666666666667,"171",10
"1353","GH_1101",25,0.458333333333333,"171",10
"1354","GH_1101",30,0.469940476190476,"171",10
"1355","GH_1101",35,0.598214285714286,"171",10
"1356","GH_1101",40,0.419642857142857,"171",10
"1357","GH_1101",45,0.0306122448979592,"171",10
"1358","GH_1102",10,0,"172",10
"1359","GH_1102",15,0.205357142857143,"172",10
"1360","GH_1102",20,0.23015873015873,"172",10
"1361","GH_1102",25,0.488095238095238,"172",10
"1362","GH_1102",30,0.5,"172",10
"1363","GH_1102",35,0.577380952380952,"172",10
"1364","GH_1102",40,0.449404761904762,"172",10
"1365","GH_1102",45,0.114285714285714,"172",10
"1366","GH_1107",10,0,"173",10
"1367","GH_1107",15,0.154761904761905,"173",10
"1368","GH_1107",20,0.321428571428572,"173",10
"1369","GH_1107",25,0.5,"173",10
"1370","GH_1107",30,0.44047619047619,"173",10
"1371","GH_1107",35,0.62797619047619,"173",10
"1372","GH_1107",40,0.396825396825397,"173",10
"1373","GH_1107",45,0.104166666666667,"173",10
"1374","GH_1108",10,0.0178571428571428,"174",10
"1375","GH_1108",15,0.202380952380952,"174",10
"1376","GH_1108",20,0.215773809523809,"174",10
"1377","GH_1108",25,0.508928571428571,"174",10
"1378","GH_1108",30,0.623809523809524,"174",10
"1379","GH_1108",35,0.666666666666667,"174",10
"1380","GH_1108",40,0.571428571428572,"174",10
"1381","GH_1108",45,0.05,"174",10
"1382","GH_1112",10,0,"175",10
"1383","GH_1112",15,0.163690476190476,"175",10
"1384","GH_1112",20,0.309523809523809,"175",10
"1385","GH_1112",25,0.461309523809524,"175",10
"1386","GH_1112",30,0.514880952380952,"175",10
"1387","GH_1112",35,0.577380952380952,"175",10
"1388","GH_1112",40,0.464285714285714,"175",10
"1389","GH_1112",45,0.0267857142857142,"175",10
"1390","GH_1119",10,0,"176",10
"1391","GH_1119",15,0.0476190476190476,"176",10
"1392","GH_1119",20,0.238095238095238,"176",10
"1393","GH_1119",25,0.220238095238095,"176",10
"1394","GH_1119",30,0.396825396825397,"176",10
"1395","GH_1119",35,0.579365079365079,"176",10
"1396","GH_1119",40,0.321428571428572,"176",10
"1397","GH_1119",45,0.0476190476190476,"176",10
"1398","GH_1120",10,0,"177",10
"1399","GH_1120",15,0.126984126984127,"177",10
"1400","GH_1120",20,0.232142857142857,"177",10
"1401","GH_1120",25,0.401785714285714,"177",10
"1402","GH_1120",30,0.464285714285714,"177",10
"1403","GH_1120",35,0.369047619047619,"177",10
"1404","GH_1120",40,0.193452380952381,"177",10
"1405","GH_1120",45,0.0654761904761905,"177",10
"1406","GH_1122",10,0,"178",10
"1407","GH_1122",15,0.119047619047619,"178",10
"1408","GH_1122",20,0.214285714285714,"178",10
"1409","GH_1122",25,0.431547619047619,"178",10
"1410","GH_1122",30,0.547619047619047,"178",10
"1411","GH_1122",35,0.630952380952381,"178",10
"1412","GH_1122",40,0.214285714285714,"178",10
"1413","GH_1122",45,0.0348214285714286,"178",10
"1414","GH_1124",10,0.00714285714285715,"179",10
"1415","GH_1124",15,0.142857142857143,"179",10
"1416","GH_1124",20,0.285714285714286,"179",10
"1417","GH_1124",25,0.419642857142857,"179",10
"1418","GH_1124",30,0.375,"179",10
"1419","GH_1124",35,0.571428571428571,"179",10
"1420","GH_1124",40,0.357142857142857,"179",10
"1421","GH_1124",45,0.0148809523809524,"179",10
"1422","GH_1125",10,0,"180",10
"1423","GH_1125",15,0.19047619047619,"180",10
"1424","GH_1125",20,0.291666666666667,"180",10
"1425","GH_1125",25,0.457142857142857,"180",10
"1426","GH_1125",30,0.422619047619048,"180",10
"1427","GH_1125",35,0.633928571428572,"180",10
"1428","GH_1125",40,0.404761904761904,"180",10
"1429","GH_1125",45,0.0535714285714287,"180",10
"1430","GH_1127",10,0.0452380952380952,"181",11
"1431","GH_1127",15,0.12202380952381,"181",11
"1432","GH_1127",20,0.285714285714286,"181",11
"1433","GH_1127",25,0.285714285714286,"181",11
"1434","GH_1127",30,0.452380952380952,"181",11
"1435","GH_1127",35,0.482142857142857,"181",11
"1436","GH_1127",40,0.494047619047619,"181",11
"1437","GH_1127",45,0.0317460317460317,"181",11
"1438","GH_1135",10,0.0386904761904762,"182",11
"1439","GH_1135",15,0.0892857142857143,"182",11
"1440","GH_1135",20,0.220238095238095,"182",11
"1441","GH_1135",25,0.392857142857143,"182",11
"1442","GH_1135",30,0.619047619047619,"182",11
"1443","GH_1135",35,0.476190476190476,"182",11
"1444","GH_1135",40,0.404761904761905,"182",11
"1445","GH_1135",45,0.0476190476190476,"182",11
"1446","GH_1138",10,0,"183",11
"1447","GH_1138",15,0.0297619047619047,"183",11
"1448","GH_1138",20,0.369047619047619,"183",11
"1449","GH_1138",25,0.396825396825397,"183",11
"1450","GH_1138",30,0.517857142857143,"183",11
"1451","GH_1138",35,0.505952380952381,"183",11
"1452","GH_1138",40,0.416666666666667,"183",11
"1453","GH_1138",45,0.12202380952381,"183",11
"1454","GH_1154",10,0,"184",11
"1455","GH_1154",15,0.0833333333333334,"184",11
"1456","GH_1154",20,0.196428571428571,"184",11
"1457","GH_1154",25,0.267857142857143,"184",11
"1458","GH_1154",30,0.523809523809524,"184",11
"1459","GH_1154",35,0.440476190476191,"184",11
"1460","GH_1154",40,0.428571428571429,"184",11
"1461","GH_1154",45,0.172619047619048,"184",11
"1462","GH_1156",10,0.0416666666666667,"185",11
"1463","GH_1156",15,0.0952380952380952,"185",11
"1464","GH_1156",20,0.238095238095238,"185",11
"1465","GH_1156",25,0.428571428571429,"185",11
"1466","GH_1156",30,0.5,"185",11
"1467","GH_1156",35,0.559523809523809,"185",11
"1468","GH_1156",40,0.43452380952381,"185",11
"1469","GH_1156",45,0.172619047619048,"185",11
"1470","GH_1161",10,0.00510204081632653,"186",11
"1471","GH_1161",15,0.160714285714286,"186",11
"1472","GH_1161",20,0.333333333333333,"186",11
"1473","GH_1161",25,0.258928571428572,"186",11
"1474","GH_1161",30,0.511904761904762,"186",11
"1475","GH_1161",35,0.702380952380952,"186",11
"1476","GH_1161",40,0.613095238095238,"186",11
"1477","GH_1161",45,0.0793650793650793,"186",11
"1478","GH_1170",10,0.0178571428571428,"187",11
"1479","GH_1170",15,0.206547619047619,"187",11
"1480","GH_1170",20,0.324404761904762,"187",11
"1481","GH_1170",25,0.464285714285714,"187",11
"1482","GH_1170",30,0.66984126984127,"187",11
"1483","GH_1170",35,0.595238095238095,"187",11
"1484","GH_1170",40,0.726190476190476,"187",11
"1485","GH_1170",45,0.130952380952381,"187",11
"1486","GH_1185",10,0,"188",11
"1487","GH_1185",15,0.122619047619048,"188",11
"1488","GH_1185",20,0.234523809523809,"188",11
"1489","GH_1185",25,0.327380952380952,"188",11
"1490","GH_1185",30,0.452380952380952,"188",11
"1491","GH_1185",35,0.690476190476191,"188",11
"1492","GH_1185",40,0.267857142857143,"188",11
"1493","GH_1185",45,0.154761904761905,"188",11
"1494","GH_1194",10,0,"189",11
"1495","GH_1194",15,0.154761904761904,"189",11
"1496","GH_1194",20,0.30952380952381,"189",11
"1497","GH_1194",25,0.375850340136055,"189",11
"1498","GH_1194",30,0.601190476190476,"189",11
"1499","GH_1194",35,0.321428571428572,"189",11
"1500","GH_1194",40,0.267857142857143,"189",11
"1501","GH_1194",45,0.0357142857142857,"189",11
"1502","GH_1199",10,0.0476190476190475,"190",11
"1503","GH_1199",15,0.113095238095238,"190",11
"1504","GH_1199",20,0.276785714285714,"190",11
"1505","GH_1199",25,0.416666666666667,"190",11
"1506","GH_1199",30,0.43452380952381,"190",11
"1507","GH_1199",35,0.630952380952381,"190",11
"1508","GH_1199",40,0.514880952380952,"190",11
"1509","GH_1199",45,0.0977891156462585,"190",11
"1510","GH_1207",10,0,"191",11
"1511","GH_1207",15,0.166666666666667,"191",11
"1512","GH_1207",20,0.244047619047619,"191",11
"1513","GH_1207",25,0.369047619047619,"191",11
"1514","GH_1207",30,0.535714285714286,"191",11
"1515","GH_1207",35,0.767857142857143,"191",11
"1516","GH_1207",40,0.410714285714286,"191",11
"1517","GH_1207",45,0.0357142857142857,"191",11
"1518","GH_1213",10,0,"192",11
"1519","GH_1213",15,0.136904761904762,"192",11
"1520","GH_1213",20,0.273809523809524,"192",11
"1521","GH_1213",25,0.25,"192",11
"1522","GH_1213",30,0.25,"192",11
"1523","GH_1213",35,0.529761904761905,"192",11
"1524","GH_1213",40,0.446428571428572,"192",11
"1525","GH_1213",45,0,"192",11
"1526","GH_1219",10,0.0178571428571428,"193",11
"1527","GH_1219",15,0.154761904761905,"193",11
"1528","GH_1219",20,0.291666666666667,"193",11
"1529","GH_1219",25,0.358843537414966,"193",11
"1530","GH_1219",30,0.541666666666667,"193",11
"1531","GH_1219",35,0.31547619047619,"193",11
"1532","GH_1219",40,0.428571428571429,"193",11
"1533","GH_1219",45,0.0793650793650793,"193",11
"1534","GH_1221",10,0,"194",11
"1535","GH_1221",15,0.0952380952380951,"194",11
"1536","GH_1221",20,0.220238095238095,"194",11
"1537","GH_1221",25,0.452380952380952,"194",11
"1538","GH_1221",30,0.523809523809524,"194",11
"1539","GH_1221",35,0.698412698412698,"194",11
"1540","GH_1221",40,0.43452380952381,"194",11
"1541","GH_1221",45,0.148809523809524,"194",11
"1542","GH_1234",10,0,"195",11
"1543","GH_1234",15,0.0357142857142857,"195",11
"1544","GH_1234",20,0.412698412698413,"195",11
"1545","GH_1234",25,0.333333333333333,"195",11
"1546","GH_1234",30,0.56547619047619,"195",11
"1547","GH_1234",35,0.553571428571428,"195",11
"1548","GH_1234",40,0.357142857142857,"195",11
"1549","GH_1234",45,0.130952380952381,"195",11
"1550","GH_1243",10,0.0119047619047619,"196",11
"1551","GH_1243",15,0.123511904761905,"196",11
"1552","GH_1243",20,0.273809523809524,"196",11
"1553","GH_1243",25,0.366666666666667,"196",11
"1554","GH_1243",30,0.428571428571429,"196",11
"1555","GH_1243",35,0.657142857142857,"196",11
"1556","GH_1243",40,0.43452380952381,"196",11
"1557","GH_1243",45,0.136904761904762,"196",11
"1558","GH_1248",10,0,"197",11
"1559","GH_1248",15,0.0714285714285715,"197",11
"1560","GH_1248",20,0.333333333333333,"197",11
"1561","GH_1248",25,0.273809523809524,"197",11
"1562","GH_1248",30,0.456349206349206,"197",11
"1563","GH_1248",35,0.547619047619048,"197",11
"1564","GH_1248",40,0.484126984126984,"197",11
"1565","GH_1248",45,0.0595238095238095,"197",11
"1566","GH_1252",10,0.0357142857142857,"198",11
"1567","GH_1252",15,0.142857142857143,"198",11
"1568","GH_1252",20,0.251190476190476,"198",11
"1569","GH_1252",25,0.488095238095238,"198",11
"1570","GH_1252",30,0.56547619047619,"198",11
"1571","GH_1252",35,0.464285714285714,"198",11
"1572","GH_1252",40,0.541666666666667,"198",11
"1573","GH_1252",45,0.0714285714285715,"198",11
"1574","GH_1258",10,0,"199",12
"1575","GH_1258",15,0.101828231292517,"199",12
"1576","GH_1258",20,0.272321428571429,"199",12
"1577","GH_1258",25,0.458333333333333,"199",12
"1578","GH_1258",30,0.488095238095238,"199",12
"1579","GH_1258",35,0.80952380952381,"199",12
"1580","GH_1258",40,0.523809523809524,"199",12
"1581","GH_1258",45,0.126984126984127,"199",12
"1582","GH_1264",10,0,"200",12
"1583","GH_1264",15,0.101190476190476,"200",12
"1584","GH_1264",20,0.291666666666667,"200",12
"1585","GH_1264",25,0.392857142857143,"200",12
"1586","GH_1264",30,0.297619047619048,"200",12
"1587","GH_1264",35,0.488095238095238,"200",12
"1588","GH_1264",40,0.482142857142857,"200",12
"1589","GH_1264",45,0.130952380952381,"200",12
"1590","GH_1267",10,0,"201",12
"1591","GH_1267",15,0.116666666666667,"201",12
"1592","GH_1267",20,0.292857142857143,"201",12
"1593","GH_1267",25,0.386904761904762,"201",12
"1594","GH_1267",30,0.571428571428571,"201",12
"1595","GH_1267",35,0.464285714285714,"201",12
"1596","GH_1267",40,0.458333333333333,"201",12
"1597","GH_1267",45,0.0785714285714285,"201",12
"1598","GH_1273",10,0,"202",12
"1599","GH_1273",15,0.175595238095238,"202",12
"1600","GH_1273",20,0.303571428571428,"202",12
"1601","GH_1273",25,0.380952380952381,"202",12
"1602","GH_1273",30,0.398809523809524,"202",12
"1603","GH_1273",35,0.380952380952381,"202",12
"1604","GH_1273",40,0.517857142857143,"202",12
"1605","GH_1273",45,0.0119047619047619,"202",12
"1606","GH_1280",10,0.00892857142857142,"203",12
"1607","GH_1280",15,0.156547619047619,"203",12
"1608","GH_1280",20,0.345238095238095,"203",12
"1609","GH_1280",25,0.458333333333333,"203",12
"1610","GH_1280",30,0.458333333333333,"203",12
"1611","GH_1280",35,0.607142857142857,"203",12
"1612","GH_1280",40,0.476190476190476,"203",12
"1613","GH_1280",45,0.0625,"203",12
"1614","GH_1285",10,0,"204",12
"1615","GH_1285",15,0.0833333333333333,"204",12
"1616","GH_1285",20,0.178571428571428,"204",12
"1617","GH_1285",25,0.380952380952381,"204",12
"1618","GH_1285",30,0.285714285714286,"204",12
"1619","GH_1285",35,0.375,"204",12
"1620","GH_1285",40,0.273809523809524,"204",12
"1621","GH_1285",45,0.0982142857142858,"204",12
"1622","GH_1290",10,0.0238095238095238,"205",12
"1623","GH_1290",15,0.0818452380952381,"205",12
"1624","GH_1290",20,0.26984126984127,"205",12
"1625","GH_1290",25,0.392857142857143,"205",12
"1626","GH_1290",30,0.416666666666667,"205",12
"1627","GH_1290",35,0.642857142857143,"205",12
"1628","GH_1290",40,0.464285714285714,"205",12
"1629","GH_1290",45,0.0476190476190476,"205",12
"1630","GH_1291",10,0,"206",12
"1631","GH_1291",15,0.148809523809524,"206",12
"1632","GH_1291",20,0.253968253968254,"206",12
"1633","GH_1291",25,0.416666666666667,"206",12
"1634","GH_1291",30,0.464285714285714,"206",12
"1635","GH_1291",35,0.345238095238096,"206",12
"1636","GH_1291",40,0.357142857142857,"206",12
"1637","GH_1291",45,0.0476190476190476,"206",12
"1638","GH_1297",10,0.0119047619047619,"207",12
"1639","GH_1297",15,0.10671768707483,"207",12
"1640","GH_1297",20,0.301587301587302,"207",12
"1641","GH_1297",25,0.357142857142857,"207",12
"1642","GH_1297",30,0.633928571428571,"207",12
"1643","GH_1297",35,0.577380952380952,"207",12
"1644","GH_1297",40,0.452380952380952,"207",12
"1645","GH_1297",45,0.0833333333333332,"207",12
"1646","GH_1304",10,0,"208",12
"1647","GH_1304",15,0.107142857142857,"208",12
"1648","GH_1304",20,0.261904761904762,"208",12
"1649","GH_1304",25,0.443452380952381,"208",12
"1650","GH_1304",30,0.613095238095238,"208",12
"1651","GH_1304",35,0.577380952380952,"208",12
"1652","GH_1304",40,0.392857142857143,"208",12
"1653","GH_1304",45,0.160714285714286,"208",12
"1654","GH_1307",10,0,"209",12
"1655","GH_1307",15,0.0773809523809522,"209",12
"1656","GH_1307",20,0.229166666666667,"209",12
"1657","GH_1307",25,0.404761904761905,"209",12
"1658","GH_1307",30,0.503571428571428,"209",12
"1659","GH_1307",35,0.446428571428571,"209",12
"1660","GH_1307",40,0.26984126984127,"209",12
"1661","GH_1307",45,0.0297619047619047,"209",12
"1662","GH_1314",10,0.00892857142857142,"210",12
"1663","GH_1314",15,0.181547619047619,"210",12
"1664","GH_1314",20,0.31547619047619,"210",12
"1665","GH_1314",25,0.404761904761905,"210",12
"1666","GH_1314",30,0.619047619047619,"210",12
"1667","GH_1314",35,0.547619047619048,"210",12
"1668","GH_1314",40,0.369047619047619,"210",12
"1669","GH_1314",45,0.0803571428571429,"210",12
"1670","GH_1320",10,0,"211",12
"1671","GH_1320",15,0.153061224489796,"211",12
"1672","GH_1320",20,0.380952380952381,"211",12
"1673","GH_1320",25,0.357142857142857,"211",12
"1674","GH_1320",30,0.507936507936508,"211",12
"1675","GH_1320",35,0.505952380952381,"211",12
"1676","GH_1320",40,0.619047619047619,"211",12
"1677","GH_1320",45,0.0595238095238095,"211",12
"1678","GH_1324",10,0,"212",12
"1679","GH_1324",15,0.0892857142857143,"212",12
"1680","GH_1324",20,0.217261904761905,"212",12
"1681","GH_1324",25,0.349206349206349,"212",12
"1682","GH_1324",30,0.551587301587302,"212",12
"1683","GH_1324",35,0.369047619047619,"212",12
"1684","GH_1324",40,0.333333333333333,"212",12
"1685","GH_1324",45,0.0744047619047619,"212",12
"1686","GH_1326",10,0.0252976190476191,"213",12
"1687","GH_1326",15,0.187074829931973,"213",12
"1688","GH_1326",20,0.336309523809524,"213",12
"1689","GH_1326",25,0.351190476190476,"213",12
"1690","GH_1326",30,0.651785714285714,"213",12
"1691","GH_1326",35,0.648809523809524,"213",12
"1692","GH_1326",40,0.690476190476191,"213",12
"1693","GH_1326",45,0.174404761904762,"213",12
"1694","GH_1333",10,0,"214",12
"1695","GH_1333",15,0.172619047619047,"214",12
"1696","GH_1333",20,0.392857142857143,"214",12
"1697","GH_1333",25,0.344047619047619,"214",12
"1698","GH_1333",30,0.601190476190476,"214",12
"1699","GH_1333",35,0.31547619047619,"214",12
"1700","GH_1333",40,0.363095238095238,"214",12
"1701","GH_1333",45,0.0773809523809524,"214",12
"1702","GH_1337",10,0,"215",12
"1703","GH_1337",15,0.160714285714286,"215",12
"1704","GH_1337",20,0.229166666666667,"215",12
"1705","GH_1337",25,0.336309523809524,"215",12
"1706","GH_1337",30,0.497023809523809,"215",12
"1707","GH_1337",35,0.601190476190476,"215",12
"1708","GH_1337",40,0.366666666666666,"215",12
"1709","GH_1337",45,0.0714285714285715,"215",12
"1710","GH_1344",10,0,"216",12
"1711","GH_1344",15,0.0892857142857143,"216",12
"1712","GH_1344",20,0.297619047619048,"216",12
"1713","GH_1344",25,0.327380952380952,"216",12
"1714","GH_1344",30,0.660714285714286,"216",12
"1715","GH_1344",35,0.636904761904762,"216",12
"1716","GH_1344",40,0.345238095238095,"216",12
"1717","GH_1344",45,0.0535714285714285,"216",12
